<?xml version='1.0' encoding='UTF-8'?>
<image h="50" w="50"><stack><layer composite-op="svg:src-over" name="Frame 20 (100ms) (replace)" opacity="1.0" src="data/000.png" visibility="visible" x="0" y="0" /><layer composite-op="svg:src-over" name="Frame 19 (100ms) (replace)" opacity="1.0" src="data/001.png" visibility="visible" x="0" y="0" /><layer composite-op="svg:src-over" name="Frame 18 (100ms) (replace)" opacity="1.0" src="data/002.png" visibility="visible" x="0" y="0" /><layer composite-op="svg:src-over" name="Frame 17 (100ms) (replace)" opacity="1.0" src="data/003.png" visibility="visible" x="0" y="0" /><layer composite-op="svg:src-over" name="Frame 16 (100ms) (replace)" opacity="1.0" src="data/004.png" visibility="visible" x="0" y="0" /><layer composite-op="svg:src-over" name="Frame 15 (100ms) (replace)" opacity="1.0" src="data/005.png" visibility="visible" x="0" y="0" /><layer composite-op="svg:src-over" name="Frame 14 (100ms) (replace)" opacity="1.0" src="data/006.png" visibility="visible" x="0" y="0" /><layer composite-op="svg:src-over" name="Frame 13 (100ms) (replace)" opacity="1.0" src="data/007.png" visibility="visible" x="0" y="0" /><layer composite-op="svg:src-over" name="Frame 12 (100ms) (replace)" opacity="1.0" src="data/008.png" visibility="visible" x="0" y="0" /><layer composite-op="svg:src-over" name="Frame 11 (100ms) (replace)" opacity="1.0" src="data/009.png" visibility="visible" x="0" y="0" /><layer composite-op="svg:src-over" name="Frame 10 (100ms) (replace)" opacity="1.0" src="data/010.png" visibility="visible" x="0" y="0" /><layer composite-op="svg:src-over" name="Frame 9 (100ms) (replace)" opacity="1.0" src="data/011.png" visibility="visible" x="0" y="0" /><layer composite-op="svg:src-over" name="Frame 8 (100ms) (replace)" opacity="1.0" src="data/012.png" visibility="visible" x="0" y="0" /><layer composite-op="svg:src-over" name="Frame 7 (100ms) (replace)" opacity="1.0" src="data/013.png" visibility="visible" x="0" y="0" /><layer composite-op="svg:src-over" name="Frame 6 (100ms) (replace)" opacity="1.0" src="data/014.png" visibility="visible" x="0" y="0" /><layer composite-op="svg:src-over" name="Frame 5 (100ms) (replace)" opacity="1.0" src="data/015.png" visibility="visible" x="0" y="0" /><layer composite-op="svg:src-over" name="Frame 4 (100ms) (replace)" opacity="1.0" src="data/016.png" visibility="visible" x="0" y="0" /><layer composite-op="svg:src-over" name="Frame 3 (100ms) (replace)" opacity="1.0" src="data/017.png" visibility="visible" x="0" y="0" /><layer composite-op="svg:src-over" name="Frame 2 (100ms) (replace)" opacity="1.0" src="data/018.png" visibility="visible" x="0" y="0" /><layer composite-op="svg:src-over" name="Background (100ms)" opacity="1.0" src="data/019.png" visibility="visible" x="0" y="0" /></stack></image>